"length","type","comblength","height","probability"
14,"Pair",2,13,0.012612836182026863
14,"Pair",2,8,0.011922118476698617
14,"Single",1,6,0.03203358459740877
14,"Pair",2,10,0.012205436816908107
14,"Single",1,2,0.031094704842261997
14,"Single",1,7,0.03208735304153612
14,"Single",1,3,0.03103886838105283
14,"Pair",2,6,0.01188903020338948
14,"Single",1,0,0.011661548324389159
14,"FullHouse",5,6,0.002458872310285283
14,"Single",1,8,0.032019108477836025
14,"Single",1,1,0.01166361634147098
14,"Single",1,13,0.03109884087642564
14,"Trio",3,6,0.002483688515267136
14,"Single",1,10,0.031808170735490277
13,"Pair",2,13,0.014356932724998678
13,"Pair",2,8,0.012084485704722814
13,"Single",1,6,0.032219423256469426
13,"Pair",2,10,0.012894815649937464
13,"Single",1,2,0.029588786912584188
13,"Single",1,7,0.0327244114831974
13,"Single",1,3,0.02937739649209341
13,"Pair",2,6,0.011667576819866002
13,"Single",1,0,0.012143205265970253
13,"FullHouse",5,6,0.002982953711369869
13,"Single",1,8,0.032859466474066505
13,"Single",1,13,0.031438453091878496
13,"Trio",3,6,0.003047545228742051
13,"Single",1,10,0.032460173457583924
3,"Pair",2,14,0.033401152933197696
3,"Single",1,14,0.1188538487622923
3,"Single",1,2,0.051034248897931504
14,"PairSteps",2,12,0.005021145474661621
14,"Straight",5,12,0.01037730971657826
14,"Single",1,4,0.031541396531935356
14,"Pair",2,12,0.012358470080962868
14,"Straight",7,8,0.004909472552243281
14,"Single",1,5,0.031932251760399544
14,"PairSteps",2,13,0.0050087373721706945
14,"Straight",6,13,0.0069712855828189145
14,"Straight",5,11,0.010761960893796984
14,"Straight",7,13,0.004636494297442897
14,"Single",1,1.5,0.011661548324389159
14,"Straight",5,6,0.010509662809814808
14,"PairSteps",3,12,0.001292510676138185
14,"Pair",2,3,0.012339857927226479
14,"Straight",6,12,0.007289760213419363
14,"Straight",5,13,0.010085719308041485
14,"Straight",6,8,0.0075420582974015365
14,"PairSteps",2,11,0.005074913918788969
14,"Single",1,12,0.031489696104889824
14,"Straight",5,14,0.009138567484567423
14,"Straight",6,7,0.007451065545801408
14,"PairSteps",2,3,0.0054264768226985555
14,"Straight",5,8,0.011028735097351904
14,"Straight",5,7,0.010958422516569987
14,"PairSteps",2,4,0.005271375541561973
14,"Single",1,11,0.031828850906308485
14,"PairSteps",3,10,0.001315258864038217
14,"Pair",2,9,0.011988295023316893
14,"Straight",6,11,0.007571010536547032
14,"Single",1,14,0.03176267435969021
14,"Single",1,15,0.011651208238980054
14,"PairSteps",2,10,0.0051617706362254556
14,"Straight",5,10,0.01096255855073363
14,"Straight",7,12,0.00490740453516146
14,"Single",1,9,0.0319674080507905
14,"PairSteps",2,9,0.005103866157934464
14,"Straight",8,9,0.0032302426818045515
14,"StraightBomb",5,8,0.00015923731530022439
14,"Straight",6,9,0.007843988791347416
14,"Pair",2,7,0.011953138732925934
14,"Straight",7,9,0.005221743131598267
14,"StraightBomb",6,9,4.549637580006411e-05
14,"Pair",2,5,0.011905574340044049
14,"PairSteps",2,8,0.005037689611316189
14,"Straight",5,9,0.011076299490233789
14,"StraightBomb",5,9,0.00017371343487297206
13,"Straight",5,12,0.010270051262176968
13,"Straight",6,10,0.007909524900029948
13,"PairSteps",2,14,0.005654693748128314
13,"Single",1,14,0.03245430150145918
13,"Straight",8,13,0.0030827769654905137
13,"Straight",7,14,0.004374607312934158
13,"Straight",8,14,0.002971209799120381
13,"Straight",6,13,0.006758621499580155
13,"PairSteps",3,8,0.0011215436198260726
13,"PairSteps",2,8,0.0047856442416662264
13,"Straight",5,11,0.010951198172647255
13,"Straight",7,13,0.004650589250797118
13,"Single",1,1.5,0.011890711152606268
13,"Straight",5,10,0.011403338794252529
13,"Single",1,9,0.032430813676960206
13,"Pair",2,14,0.01270691305394566
13,"PairSteps",2,9,0.00486785162741264
13,"Straight",6,12,0.007463256234549415
13,"Straight",10,14,0.0010628240585786343
13,"PairSteps",2,7,0.004527278172177497
13,"Straight",9,14,0.0018848979160427713
13,"Straight",9,13,0.0018379222670448206
13,"Single",1,12,0.03218419151972096
13,"Straight",5,14,0.00844974486350638
13,"Straight",6,11,0.00786842120715674
13,"Straight",7,11,0.005343480073516891
13,"Straight",8,12,0.003329399122729755
13,"Straight",6,14,0.006394560219846038
13,"Straight",7,12,0.00509685791627765
13,"Straight",5,9,0.011338747276880346
13,"Straight",5,13,0.00958303239558194
13,"Single",1,11,0.032460173457583924
10,"Straight",6,10,0.0065995508638995405
10,"Single",1,13,0.03512122091690982
10,"Straight",6,11,0.005881544172688247
10,"Single",1,15,0.011121465344719595
10,"Pair",2,13,0.01564337982553965
10,"PairSteps",2,10,0.0040483355993828195
10,"Single",1,6,0.038466826563192225
10,"Pair",2,10,0.015032310301104508
10,"Single",1,7,0.03926121694495791
10,"Straight",5,11,0.009486854366855589
10,"Single",1,8,0.04039169556516293
10,"Single",1,1.5,0.012083899845704946
10,"Straight",5,10,0.010464565605951817
10,"Single",1,9,0.039108449563849124
10,"Straight",5,9,0.01054094929650621
10,"Single",1,10,0.0385584869918575
13,"Trio",3,13,0.0036288688850916904
13,"PairSteps",2,13,0.005237784863271502
13,"Pair",2,12,0.013658169946154161
13,"SquareBomb",4,13,0.0003523173674846302
13,"FullHouse",5,13,0.0035173017187215576
13,"Pair",2,3,0.012836096088690026
5,"SquareBomb",4,13,0.0009212142481137041
5,"Trio",3,13,0.004474469205123706
5,"Pair",2,13,0.02750482540796631
5,"Single",1,13,0.060185997543428675
5,"Single",1,0,0.016274785050008775
14,"Pair",2,11,0.012327449824735553
14,"Trio",3,9,0.002500232651921705
14,"FullHouse",5,9,0.0024733484298580305
14,"Pair",2,14,0.012470143003381208
2,"Single",1,13,0.0863710239145577
2,"Single",1,3,0.04446250290225215
8,"Single",1,5,0.050046438522540544
8,"PairSteps",2,5,0.001836107737372294
8,"Pair",2,5,0.011909694934628848
8,"Pair",2,11,0.012809887833107094
8,"Single",1,4,0.04956062013288562
8,"Single",1,12,0.05106808601843252
8,"Pair",2,4,0.012059727084375223
8,"Single",1,10,0.05300421518896906
8,"Single",1,11,0.05171108094591698
12,"Straight",5,12,0.009430113238339376
12,"FullHouse",5,10,0.002917561565167856
12,"PairSteps",2,11,0.004295512805708875
12,"Single",1,3,0.031200203228562852
12,"Single",1,12,0.03207778111360015
12,"Straight",5,14,0.006858963996212559
12,"Single",1,14,0.03254736226261133
12,"PairSteps",2,10,0.00434170111544768
12,"Single",1,6,0.034094670638861305
12,"Pair",2,10,0.013140574120690054
12,"Pair",2,6,0.01190118780936545
12,"Trio",3,10,0.003048428442761137
12,"Single",1,1.5,0.012209109874290818
12,"Straight",6,14,0.005119204329384233
12,"Single",1,9,0.034017690122629965
12,"Single",1,10,0.03378674857393594
12,"Pair",2,3,0.013818002663525862
12,"Straight",5,13,0.008783476901996105
12,"Single",1,11,0.032347212920409846
13,"FullHouse",5,2,0.004022289945449528
13,"Trio",3,2,0.004139729067944404
13,"SquareBomb",4,2,0.00048737235835373836
13,"PairSteps",2,3,0.005560742450132413
13,"Pair",2,2,0.012501394589579627
13,"Single",1,15,0.012395699379334237
8,"Single",1,2,0.04953204258055298
8,"Single",1,3,0.049074801743230693
8,"Pair",2,12,0.01255268986211331
8,"Single",1,0,0.016267771665356864
8,"Single",1,9,0.0519254125884118
8,"Pair",2,3,0.01191683932271201
13,"Pair",2,9,0.01236633959871052
13,"Single",1,4,0.030123134919935877
13,"Pair",2,7,0.012008150275101144
14,"Straight",7,14,0.004624086194951971
14,"Straight",6,14,0.006931993258264314
7,"Pair",2,9,0.015785826124900537
7,"SquareBomb",4,9,0.0003593521394286301
7,"Trio",3,9,0.0036448574142046767
7,"Single",1,6,0.03963140737698606
7,"Single",1,9,0.044097641109884754
7,"Single",1,2,0.036756590261557025
7,"Single",1,15,0.016889550553145616
10,"Single",1,5,0.036801662109106466
10,"Single",1,2,0.033257458867382635
10,"PairSteps",2,11,0.004124719289937213
10,"Pair",2,11,0.014192089705006187
10,"Single",1,3,0.033578270367711084
10,"Single",1,4,0.03516705113124246
10,"Straight",5,6,0.007500878412441375
10,"Pair",2,2,0.014130982752562672
10,"Single",1,11,0.03545730915534915
7,"Single",1,7,0.04266023255217023
7,"Straight",5,11,0.0050052619420416335
7,"Single",1,8,0.04343027285094587
7,"Single",1,1.5,0.01599117020457404
7,"Single",1,13,0.04956492723119177
7,"Single",1,10,0.04686978618547704
7,"Single",1,11,0.048230190713314
11,"Straight",6,8,0.00633783722716797
11,"StraightBomb",5,8,0.0002711374214831217
11,"Straight",6,9,0.00741108952053866
11,"Trio",3,7,0.0033666229834154278
11,"Single",1,3,0.03243481404491843
11,"Single",1,4,0.03410682814406435
11,"Pair",2,7,0.012686971846897736
11,"FullHouse",5,7,0.0032084594875502735
11,"Straight",7,9,0.00425911699579737
11,"Single",1,13,0.03307876542094085
11,"Single",1,5,0.034965429978760905
11,"Straight",5,8,0.01059695422296534
11,"Single",1,6,0.03684079714401916
11,"StraightBomb",6,9,0.00010167653305617064
11,"Single",1,7,0.0367052284332776
11,"Straight",5,7,0.009501107144471057
11,"Single",1,8,0.037270098061367433
11,"Single",1,9,0.03624203533824393
11,"Straight",5,9,0.010958470784942834
11,"StraightBomb",5,9,0.0003276243842921054
11,"Pair",2,3,0.014607528582403181
11,"Straight",8,9,0.0022255863346739573
11,"Single",1,2,0.033214334131682406
11,"Pair",2,12,0.013443897148538117
11,"Single",1,12,0.03292060192507569
11,"Straight",6,7,0.005603506710651181
11,"Straight",7,8,0.003513489086718785
11,"Single",1,14,0.032807627999457724
11,"Straight",5,6,0.008235799177549822
14,"Straight",6,10,0.007676479407719908
14,"Pair",2,4,0.012164076475271686
14,"Straight",10,10,0.00037637910889143947
14,"Straight",5,5,0.003600417739450528
14,"Straight",8,10,0.0032840111259319
14,"Straight",7,7,0.0018177870149207432
14,"Straight",7,10,0.005198994943698235
14,"Straight",9,9,0.0007113978761464569
14,"Straight",6,6,0.0025353889423126636
14,"Straight",7,11,0.005186586841207309
14,"Straight",9,10,0.0019398000227481879
14,"PairSteps",2,5,0.004985989184270662
14,"Straight",8,11,0.0033543237067138174
14,"Straight",8,8,0.0010836409508742542
8,"Single",1,1,0.012624133742944917
8,"Single",1,13,0.052289776380653
8,"Single",1,15,0.01635350432235479
5,"Single",1,8,0.04132303912967187
5,"Single",1,6,0.03812072293384804
5,"Single",1,9,0.03939287594314792
5,"Single",1,14,0.06312510966836286
5,"Single",1,15,0.01965257062642569
7,"Pair",2,13,0.01958469159886034
7,"Pair",2,8,0.01478477373649221
7,"PairSteps",2,8,0.0026951410457147257
7,"Pair",2,7,0.014502425626941142
10,"Pair",2,5,0.01351991322812753
10,"FullHouse",5,14,0.001512397072976978
10,"Pair",2,14,0.011900578988374402
10,"Single",1,14,0.03536564872668388
10,"Pair",2,3,0.014390687300447609
10,"Trio",3,14,0.0017721016208619136
14,"FullHouse",5,10,0.002398899814912471
14,"Trio",3,10,0.0024257840369761455
14,"Pair",2,2,0.012164076475271686
12,"Pair",2,8,0.012262996235652756
12,"Single",1,2,0.03167748242919717
12,"PairSteps",2,13,0.004472567993040961
12,"Single",1,7,0.03459504399436503
12,"PairSteps",2,8,0.004349399167070814
12,"Pair",2,12,0.013471590340484823
12,"Single",1,8,0.03441798880703294
12,"Single",1,13,0.032162459681454626
12,"Pair",2,2,0.013540872805093031
5,"Single",1,12,0.05202667134585015
5,"Single",1,7,0.03978768204948237
5,"Trio",3,7,0.0033777855764169154
5,"Single",1,4,0.03877873311107212
5,"Pair",2,7,0.014520091244077908
11,"Pair",2,9,0.013127570156807808
11,"Pair",2,4,0.01388449545844819
11,"PairSteps",2,4,0.004496362239595102
14,"FullHouse",5,11,0.00228309085833049
14,"Trio",3,11,0.002303771029148701
13,"Straight",6,9,0.007927140768404178
13,"Straight",7,10,0.005331736161267403
13,"Trio",3,5,0.003258935649232829
13,"Trio",3,8,0.003135624570613208
13,"FullHouse",5,5,0.0031943441318606465
13,"Single",1,5,0.030956952689649504
13,"Straight",5,8,0.01086899078690084
13,"Pair",2,5,0.01189658310873101
13,"FullHouse",5,8,0.0030592891409915385
14,"PairSteps",2,14,0.005372708378571207
9,"Single",1,5,0.03737211152430112
9,"Straight",5,8,0.008214464117222623
9,"Single",1,6,0.03962923905200644
9,"Straight",6,9,0.00484727387097371
9,"Single",1,2,0.03542950176684983
9,"Single",1,7,0.041812362398475515
9,"Single",1,4,0.035984533126121626
9,"Single",1,8,0.04260790734676509
9,"Single",1,9,0.041849364489093634
9,"Straight",5,9,0.008473478751549463
9,"Pair",2,14,0.013024735897578214
9,"Single",1,14,0.04062829549869568
1,"Single",1,8,0.05254091300602928
3,"Single",1,13,0.08579179382841641
3,"Single",1,3,0.039081044421837914
3,"Single",1,11,0.054679552390640894
1,"Single",1,3,0.07407407407407407
14,"StraightBomb",5,6,0.00016750938362750876
1,"Single",1,13,0.08031869078380706
6,"Pair",2,4,0.013061170911000262
6,"Single",1,4,0.03652533473352586
6,"Single",1,13,0.05457469152008401
6,"Single",1,14,0.05539511682856393
6,"Single",1,3,0.03632843265949068
6,"Pair",2,3,0.01329088999737464
6,"PairSteps",2,4,0.002100288789708585
12,"Straight",6,10,0.0078366165523506
12,"PairSteps",2,14,0.004603434870634243
12,"Straight",6,11,0.007490204229309562
12,"Single",1,15,0.01138541835061546
12,"Pair",2,13,0.014911125994010916
12,"Single",1,0,0.012701785178171405
12,"Straight",5,11,0.010530934620447565
12,"Straight",5,10,0.011293041731137848
12,"Straight",5,9,0.011362324195746057
12,"Straight",6,9,0.007790428242611795
12,"Single",1,4,0.03215476162983149
12,"Single",1,5,0.03283988822429043
12,"FullHouse",5,2,0.004056873205391716
12,"Straight",5,8,0.010808064478880395
12,"Trio",3,2,0.004280116702462607
12,"Pair",2,14,0.01193967806748112
2,"Single",1,12,0.062456466217785
2,"Single",1,4,0.04190852101230555
14,"PairSteps",2,6,0.005130750379998139
14,"PairSteps",3,6,0.0012097899928653411
13,"Pair",2,11,0.013329340403168508
11,"Pair",2,8,0.013172759727054995
11,"Pair",2,10,0.014358985946043653
11,"PairSteps",2,8,0.00429300917348276
11,"Single",1,1.5,0.011658909123774232
11,"Pair",2,2,0.014449365086538027
11,"Single",1,10,0.035970897916760815
2,"Single",1,8,0.036916647318319014
2,"Pair",2,8,0.011841188762479684
12,"FullHouse",5,6,0.0029791459781529296
12,"Pair",2,9,0.012447749474607977
12,"Trio",3,6,0.00316389921710815
8,"Straight",5,12,0.0036364935343287845
8,"PairSteps",2,11,0.002300492962777738
8,"Straight",6,11,0.0013931556762163321
8,"Straight",6,13,0.0015360434378795455
8,"Single",1,7,0.05122526255626206
8,"Straight",5,11,0.0037508037436593555
8,"Straight",7,13,0.0005215403300707295
8,"Single",1,8,0.052282631992569835
8,"Single",1,1.5,0.015960562977780954
8,"Straight",5,10,0.0036222047581624633
8,"Straight",6,12,0.0014717439451310994
8,"Straight",5,13,0.0035364721011645352
14,"Trio",3,13,0.002669810052631035
14,"SquareBomb",4,13,0.00023782196440942603
14,"FullHouse",5,13,0.002634653762240076
8,"Straight",5,5,0.0005501178824033722
13,"Straight",8,9,0.0028890024133739673
13,"Straight",6,8,0.007187274296686455
13,"Straight",7,9,0.005132089653026113
13,"Straight",6,7,0.006206657623854235
13,"Straight",7,8,0.004286527971063
13,"Straight",5,7,0.009999941280438752
13,"Straight",5,6,0.008672879196246645
13,"PairSteps",2,11,0.004820875978414689
14,"FullHouse",5,2,0.002977944597822378
14,"Trio",3,2,0.0030337810590315476
8,"Pair",2,14,0.012388368936200614
8,"Single",1,14,0.05300421518896906
7,"Straight",5,10,0.004414897712980313
13,"FullHouse",5,10,0.002871386544999736
13,"PairSteps",2,10,0.004844363802913664
13,"Trio",3,10,0.002941850018496662
13,"PairSteps",2,4,0.004961802925408541
10,"Trio",3,7,0.003330328908171527
10,"Pair",2,12,0.01362685039490368
10,"Pair",2,7,0.013076887822912052
10,"FullHouse",5,7,0.0030706243602865915
10,"Single",1,12,0.03455598160680731
10,"Straight",5,13,0.007302280816999954
11,"PairSteps",2,5,0.003976682181752451
11,"Pair",2,5,0.01333092322292015
11,"Trio",3,5,0.00377332911564011
11,"Single",1,0,0.012540105743594378
11,"FullHouse",5,5,0.0035812734420895657
8,"Single",1,6,0.05026791455311853
14,"Trio",3,4,0.002690490223449246
14,"FullHouse",5,4,0.002651197898894645
12,"Straight",6,8,0.007074509441660316
12,"StraightBomb",5,8,0.00031562011654850155
12,"Trio",3,7,0.003464123230410383
12,"Pair",2,7,0.012255298184029623
12,"FullHouse",5,7,0.0033486524560633704
12,"Straight",7,9,0.004934451090429013
12,"StraightBomb",6,9,0.00010777272272387858
12,"Straight",5,7,0.010161428142537125
12,"StraightBomb",5,9,0.00033101621979476995
3,"Pair",2,10,0.017548321464903358
3,"Single",1,10,0.04840623940318752
9,"Single",1,3,0.03422693382176093
9,"Single",1,12,0.037464616750846426
9,"Pair",2,9,0.01457882370353925
9,"Single",1,13,0.039499731734843016
9,"Single",1,10,0.04203437494218423
5,"Pair",2,11,0.021758203193542727
5,"Single",1,11,0.05084225302684681
10,"Straight",5,12,0.008279992056096183
10,"Straight",7,12,0.0032539452176171342
10,"Straight",6,12,0.005453795505583648
5,"FullHouse",5,2,0.0028513774346376557
5,"Single",1,2,0.042682926829268296
5,"Pair",2,14,0.02048605018424285
5,"Pair",2,2,0.016055448324267415
5,"Trio",3,2,0.005571152833830496
4,"Pair",2,6,0.012109920819748486
4,"Single",1,6,0.03247055692328166
4,"Single",1,15,0.03227094284383525
4,"Single",1,1.5,0.02315523321578282
11,"FullHouse",5,14,0.0016833114917077139
11,"Pair",2,14,0.011455556057661891
11,"Single",1,15,0.01080030728907768
11,"Trio",3,14,0.0018414749875728682
11,"Single",1,11,0.03356455330109811
10,"Straight",9,14,0.0005346858338807497
10,"Straight",9,13,0.0007638369055439283
10,"Straight",5,14,0.004949663147924655
10,"Straight",7,11,0.0034678195511694343
10,"Straight",8,12,0.0016040575016422493
10,"Straight",8,13,0.0017109946684183994
10,"Straight",7,14,0.0023067874547426635
10,"Straight",8,14,0.0013137994775355567
10,"Straight",6,13,0.004995493362257291
10,"Straight",7,13,0.0031775615270627417
10,"Straight",6,14,0.003651140408499977
8,"Straight",6,9,0.0014717439451310994
8,"Straight",7,10,0.0004358076730728013
8,"Straight",6,10,0.0014217332285489748
8,"Straight",7,11,0.00046438522540544403
8,"Straight",5,8,0.003472172608416089
8,"Straight",5,9,0.0035507608773308564
14,"SquareBomb",4,11,0.00017164541779115096
10,"Straight",8,9,0.0016804411921966422
10,"Straight",6,8,0.005805160482133855
10,"Straight",6,9,0.006538443911456026
10,"Straight",7,9,0.0036205869322782198
10,"Straight",6,7,0.004903832933592019
10,"Straight",7,8,0.002948410455399563
10,"Straight",5,8,0.009975709986403703
10,"Straight",5,7,0.008891061580531325
8,"Pair",2,8,0.01202400514395942
8,"Pair",2,10,0.013138529684932485
8,"Pair",2,2,0.011988283203543617
14,"SquareBomb",4,14,0.00018198550320025643
14,"FullHouse",5,14,0.002175553970075793
14,"Trio",3,14,0.002223118362957678
14,"Trio",3,12,0.0025333209252308424
14,"FullHouse",5,12,0.002506436703167168
5,"Single",1,5,0.03671696788910335
5,"Pair",2,5,0.012502193367257414
5,"Trio",3,5,0.0033777855764169154
12,"PairSteps",2,12,0.0042108342378543995
12,"PairSteps",3,12,0.0010700291756156517
12,"PairSteps",2,3,0.005627275736511089
12,"Straight",6,13,0.006119951040391677
12,"Straight",7,13,0.004226230341100668
12,"Straight",6,12,0.006766587376734948
5,"FullHouse",5,11,0.00162309177048605
5,"Trio",3,11,0.0036848569924548165
3,"Single",1,1.5,0.029840623940318754
8,"FullHouse",5,10,0.0012216903622204757
8,"Pair",2,6,0.01170965206830035
8,"Trio",3,10,0.001836107737372294
4,"Pair",2,11,0.021624858606693727
4,"Single",1,14,0.08956018364495309
4,"Single",1,11,0.056357708430367956
9,"Pair",2,13,0.016595437642226787
9,"Pair",2,8,0.01456032265823019
9,"PairSteps",2,8,0.0036262048805757526
9,"Pair",2,7,0.01413479861612181
9,"Pair",2,3,0.013986790253649331
5,"Pair",2,9,0.016669591156343217
2,"Single",1,14,0.13466449965172975
2,"Single",1,1.5,0.03668446714650569
12,"Straight",8,13,0.0026866200164738304
12,"Straight",7,14,0.003417934920671578
12,"Straight",8,14,0.0023171135385633896
12,"PairSteps",3,8,0.0009083700915298338
12,"PairSteps",2,9,0.004403285528432754
12,"Straight",10,14,0.0007236168525746134
12,"PairSteps",2,7,0.004079967360261118
12,"Straight",9,14,0.0014395356535260927
12,"Straight",9,13,0.001539610324626837
12,"Straight",7,11,0.005026827709906622
12,"Straight",8,12,0.0028867693586753194
12,"Straight",7,12,0.004588038767387974
1,"Single",1,7,0.05404823428079242
4,"Single",1,12,0.061946902654867256
4,"Pair",2,12,0.022556390977443608
4,"Pair",2,10,0.019296027679819017
4,"Single",1,10,0.04677623261694058
9,"Straight",5,12,0.007381917078314925
9,"Straight",5,11,0.008417975615622283
9,"Straight",5,10,0.008343971434386043
9,"Straight",6,11,0.004273741466392852
9,"Straight",7,12,0.0018131024402878763
9,"Straight",6,12,0.004236739375774731
9,"Single",1,11,0.0394627296442249
14,"SquareBomb",4,2,0.0003474268697459441
12,"Trio",3,13,0.0037643472437126164
12,"SquareBomb",4,13,0.00036950647791044084
12,"FullHouse",5,13,0.003571895953134262
13,"PairSteps",2,12,0.005038138355030211
13,"PairSteps",3,12,0.0012565986106951809
1,"Single",1,2,0.10766580534022395
7,"Single",1,3,0.035858209912985446
7,"Single",1,4,0.03642290613208758
7,"Pair",2,4,0.013167689109063374
7,"Single",1,14,0.05105367180882466
7,"Pair",2,3,0.013655381298287944
7,"PairSteps",2,4,0.002874817115429041
4,"Pair",2,4,0.012509148978641294
4,"Pair",2,3,0.014771441879033868
4,"Single",1,3,0.039323973650941514
4,"Single",1,4,0.03513207798256704
4,"PairSteps",2,4,0.00219575487391044
8,"Pair",2,9,0.012488390369364864
13,"Straight",8,10,0.0033352710788544988
13,"Straight",9,12,0.0020669285559098303
13,"Straight",9,10,0.0018085624864211014
13,"Straight",8,11,0.0034938138942225824
14,"Trio",3,5,0.002587089369358191
14,"FullHouse",5,5,0.002545729027721769
6,"Trio",3,10,0.0038395904436860067
6,"Single",1,1.5,0.01775400367550538
6,"Single",1,6,0.039216329745339985
6,"Pair",2,10,0.019493305329482805
6,"Single",1,10,0.049849041743239696
1,"Single",1,14,0.08893195521102498
8,"PairSteps",2,4,0.0019289847824533828
14,"PairSteps",3,9,0.0010960490533651807
14,"Trio",3,7,0.0024071718832397557
14,"FullHouse",5,7,0.0023906277465851867
6,"Pair",2,9,0.01581779994749278
6,"SquareBomb",4,9,0.0004266211604095563
6,"Trio",3,9,0.003445786295615647
6,"Single",1,9,0.04246521396692045
6,"Single",1,2,0.03977421895510633
6,"Single",1,15,0.01916513520609084
9,"Pair",2,4,0.013764777709940612
9,"PairSteps",2,4,0.003737211152430112
10,"Pair",2,4,0.01406987580011916
11,"FullHouse",5,2,0.004134845677617606
11,"Trio",3,2,0.004473767454471508
5,"Single",1,1.5,0.018643621688015442
5,"Pair",2,6,0.01294086681874013
5,"Single",1,3,0.039173539217406565
8,"Pair",2,7,0.012188326069872116
3,"Pair",2,6,0.009918616480162767
3,"Single",1,6,0.03306205493387589
12,"Pair",2,4,0.013063593604458712
12,"PairSteps",2,6,0.004349399167070814
12,"PairSteps",3,6,0.00108542527886192
12,"PairSteps",2,5,0.004572642664141706
12,"Pair",2,5,0.012647898816809465
2,"Single",1,5,0.033201764569305785
2,"Single",1,0,0.033550034827025774
9,"Pair",2,12,0.01435681115983053
9,"Straight",5,6,0.006493866903480047
14,"Trio",3,8,0.002502300669003526
14,"FullHouse",5,8,0.0024754164469398517
14,"FullHouse",5,3,0.002913836068285924
14,"Trio",3,3,0.0029634684782496304
7,"Trio",3,13,0.004183885623347622
7,"PairSteps",2,13,0.003824533483918992
7,"Pair",2,12,0.017864934931594755
7,"Single",1,0,0.015041453836084089
7,"Single",1,12,0.04530403757796658
7,"SquareBomb",4,13,0.0005390282091429451
7,"FullHouse",5,13,0.003439513334531174
1,"Single",1,5,0.05167958656330749
10,"Pair",2,8,0.013642127133014558
10,"PairSteps",2,8,0.0036358636703890984
6,"PairSteps",2,7,0.0020674717773693885
6,"Pair",2,8,0.014767655552638488
6,"Single",1,7,0.04148070359674455
6,"PairSteps",3,8,0.00013126804935678657
6,"PairSteps",2,8,0.0022971908637437646
6,"Pair",2,6,0.012831451824625886
6,"Single",1,8,0.04157915463376214
4,"Single",1,13,0.07831525716947235
1,"Single",1,12,0.07278208440999138
13,"Pair",2,4,0.012378083510960007
13,"PairSteps",2,5,0.004556637952801217
8,"Trio",3,13,0.0019146960062870616
8,"Pair",2,13,0.01338858326784311
5,"Pair",2,4,0.013511142305667662
5,"Pair",2,3,0.014783295314967538
5,"PairSteps",2,4,0.00188629584137568
11,"PairSteps",2,12,0.0038072212933255006
11,"Straight",5,12,0.008732884450268878
11,"Straight",6,10,0.007252926024673505
11,"Straight",8,13,0.0022029915495503636
11,"Straight",7,14,0.002711374214831217
11,"Straight",8,14,0.0017962854173256813
11,"Straight",6,13,0.005434045822224231
11,"Straight",5,11,0.010043381987437299
11,"Straight",7,13,0.0035925708346513626
11,"Straight",5,10,0.011003660355190022
11,"Straight",6,12,0.006100591983370238
11,"Straight",9,14,0.0010054679379999096
11,"PairSteps",2,11,0.0041574404627412
11,"Pair",2,11,0.013251841474987572
11,"Straight",9,13,0.0011410366487414705
11,"Straight",5,14,0.005411451037100637
11,"Straight",6,11,0.006914004247819603
11,"Straight",7,11,0.004439875276786118
11,"Straight",8,12,0.0023385602602919247
11,"Straight",6,14,0.003875005648696281
11,"Straight",7,12,0.004055763929685029
11,"Straight",5,13,0.0077274165122689685
11,"Pair",2,13,0.015183695603054815
11,"PairSteps",2,10,0.004123548285055809
3,"Single",1,15,0.0423872499152255
3,"Single",1,8,0.037131230925737536
3,"Pair",2,8,0.012122753475754493
11,"Straight",7,10,0.004485064847033305
1,"Single",1,10,0.056632213608957795
2,"Single",1,10,0.04759693522173206
11,"PairSteps",3,6,0.0009263861900673325
11,"PairSteps",2,13,0.0037959239007637037
11,"Pair",2,6,0.012833837950201094
11,"PairSteps",2,6,0.004146143070179403
7,"Single",1,5,0.03757796658025103
7,"Pair",2,5,0.013013681049308248
7,"Pair",2,11,0.018070279011268255
14,"PairSteps",3,7,0.0011560215487379927
14,"Straight",9,11,0.0020494049280847058
14,"Straight",9,12,0.0019708202789755045
14,"PairSteps",2,7,0.005043893662561653
14,"Straight",8,12,0.0032467868184591206
14,"Straight",10,12,0.001102253104610644
12,"Pair",2,11,0.013055895552835577
12,"Straight",5,6,0.008860457418227446
9,"Trio",3,12,0.0027751567963589944
9,"Pair",2,10,0.016613938687535846
9,"FullHouse",5,12,0.002405135890177795
4,"Single",1,5,0.03133941047308537
4,"Trio",3,5,0.00292767316521392
4,"Pair",2,5,0.011777230687337813
13,"FullHouse",5,9,0.003006441535868844
13,"Trio",3,9,0.003047545228742051
14,"PairSteps",3,5,0.001228402146601731
9,"PairSteps",2,11,0.0040517289226841315
9,"Straight",5,14,0.00475476864442841
9,"Straight",6,13,0.004033227877375071
9,"Straight",7,13,0.0021091191652328357
9,"Single",1,1.5,0.013302251577214113
9,"Straight",5,13,0.006549370039407226
9,"Straight",8,9,0.0009250522654529981
9,"Straight",6,8,0.0044217498288653305
9,"Straight",7,9,0.002386634844868735
9,"Straight",6,7,0.003977724741447892
9,"Straight",7,8,0.0021091191652328357
9,"Straight",5,7,0.007344914987696805
2,"Single",1,7,0.037497097747852336
9,"FullHouse",5,10,0.003274685019703613
9,"Pair",2,6,0.013949788163031211
9,"Trio",3,10,0.0038482174242844723
1,"Single",1,1.5,0.037252368647717485
14,"SquareBomb",4,9,0.00018198550320025643
13,"SquareBomb",4,14,0.00018790259599180275
13,"FullHouse",5,14,0.0023429104937727906
13,"Trio",3,14,0.0024486057040181797
9,"Pair",2,5,0.013357754713141292
9,"Pair",2,11,0.01437531220513959
5,"Single",1,10,0.04781540621161607
5,"Pair",2,8,0.0162309177048605
7,"Pair",2,14,0.015452141995431094
6,"Pair",2,14,0.0166054082436335
2,"Single",1,15,0.048525655908985374
12,"Straight",7,10,0.005080714071268562
12,"Trio",3,5,0.003456425178787249
12,"Trio",3,8,0.00325627583658576
12,"FullHouse",5,5,0.003325558301193968
12,"FullHouse",5,8,0.0030946167524999423
2,"Pair",2,10,0.015091711167866265
11,"Trio",3,13,0.00373943693795472
11,"SquareBomb",4,13,0.0003276243842921054
11,"FullHouse",5,13,0.003479596909033395
12,"PairSteps",3,13,0.0009545584012686389
13,"PairSteps",4,13,0.0002466221572392411
13,"PairSteps",3,13,0.0011978790494477426
13,"PairSteps",3,11,0.0011391594882003042
13,"PairSteps",3,7,0.0009806166728322206
13,"Straight",9,11,0.0020962883365335493
13,"PairSteps",2,6,0.004533150128302241
2,"Pair",2,12,0.014279080566519619
2,"Single",1,2,0.06152774553053169
9,"Trio",3,5,0.003515198608721393
9,"Single",1,0,0.01383878189117685
9,"FullHouse",5,5,0.0031451777025401934
1,"Single",1,6,0.05512489233419466
11,"SquareBomb",4,2,0.0004857878801572597
12,"Trio",3,12,0.0029637498749066613
12,"Trio",3,4,0.003656574520988738
12,"FullHouse",5,4,0.0035103115401491883
12,"FullHouse",5,12,0.002840581048936514
8,"PairSteps",2,3,0.00221476030577981
13,"Trio",3,4,0.0035114297625968138
13,"FullHouse",5,11,0.0027833072031285782
13,"Single",1,1,0.0017733307496726385
13,"Trio",3,11,0.002836154808251273
13,"FullHouse",5,4,0.0034585821574741192
11,"PairSteps",2,3,0.005490532785033214
6,"Single",1,5,0.03754266211604096
6,"Pair",2,5,0.012733000787608296
6,"Single",1,11,0.050341296928327645
3,"Single",1,5,0.02882332994235334
3,"Pair",2,5,0.008901322482197355
12,"Straight",7,8,0.0042108342378543995
12,"Straight",8,10,0.0030176362362686004
12,"Straight",8,9,0.0027866946875745747
12,"Straight",6,7,0.006250817917984958
12,"Straight",9,10,0.0016319869441044472
12,"Straight",8,11,0.0031946914236006866
6,"Trio",3,5,0.0036098713573116305
14,"PairSteps",3,13,0.0011767017195562035
14,"Straight",8,13,0.002996556751558768
14,"Straight",8,14,0.0030068968369678733
14,"Straight",9,14,0.0018798275273753762
14,"Straight",9,13,0.0018260590832480277
5,"SquareBomb",4,9,0.0005702754869275311
5,"Trio",3,9,0.0034655202667134583
7,"Trio",3,5,0.003388177314612798
8,"Trio",3,5,0.001593198542544831
3,"Single",1,7,0.03306205493387589
3,"Pair",2,7,0.008053577483892845
2,"Pair",2,13,0.017181332714186207
10,"FullHouse",5,11,0.0026275989550711134
10,"Trio",3,4,0.003971951908828427
10,"Trio",3,11,0.002810919812401656
10,"FullHouse",5,4,0.003681693884721734
10,"PairSteps",2,4,0.004155272766158969
12,"StraightBomb",5,14,0.0002001493422014888
12,"FullHouse",5,11,0.0027020161197200986
12,"Trio",3,11,0.0027712985843283064
4,"Single",1,7,0.03646283851220973
4,"Single",1,8,0.03440015969126356
3,"Pair",2,13,0.03306205493387589
8,"Straight",5,14,0.0028863327855969136
7,"Straight",5,8,0.004851253882286507
7,"Straight",6,9,0.0018224287071023383
7,"Straight",5,9,0.004953925922123258
9,"PairSteps",3,6,0.00046252613272649906
9,"PairSteps",2,5,0.0030711735213039535
9,"PairSteps",2,6,0.003385691291557973
8,"Straight",5,6,0.0031292419804243767
12,"PairSteps",2,4,0.004788188109589463
12,"Single",1,1,0.002086171989869364
2,"Pair",2,9,0.010564197817506385
2,"Single",1,9,0.03645228697469236
13,"StraightBomb",5,6,0.00024075020111449726
1,"Single",1,9,0.0512489233419466
2,"Single",1,6,0.036220106802879036
11,"PairSteps",3,8,0.0008134122644493651
11,"PairSteps",2,9,0.004473767454471508
11,"PairSteps",2,7,0.0036716525825839395
5,"Trio",3,10,0.004167397789085804
5,"Pair",2,10,0.022153009299877173
9,"Single",1,15,0.013413257849068473
9,"Trio",3,13,0.0035522006993395127
9,"PairSteps",2,13,0.0038482174242844723
9,"SquareBomb",4,13,0.00031451777025401936
9,"FullHouse",5,13,0.0030711735213039535
7,"Straight",5,6,0.004414897712980313
4,"SquareBomb",4,13,0.0005988422383392108
4,"Trio",3,13,0.005788808303945705
4,"Pair",2,13,0.03286978508217446
6,"Straight",5,10,0.002887897085849304
8,"PairSteps",2,13,0.002143316424948203
14,"Straight",10,14,0.0010857089679560752
7,"Straight",5,7,0.004851253882286507
8,"FullHouse",5,6,0.0010930913767235836
8,"Trio",3,6,0.0015646209902121884
7,"Trio",3,12,0.003798865473959804
7,"FullHouse",5,12,0.002874817115429041
7,"Straight",5,12,0.004953925922123258
13,"Trio",3,7,0.0031649843512369276
13,"FullHouse",5,7,0.0031238806583637206
11,"FullHouse",5,9,0.0033892177685390214
11,"Trio",3,9,0.0035021916941569884
8,"Trio",3,12,0.0017217975280417231
14,"PairSteps",3,8,0.0012015179245380566
14,"StraightBomb",5,14,0.00015096524697293999
9,"FullHouse",5,2,0.003422693382176093
9,"Trio",3,2,0.003922221605520712
9,"Pair",2,2,0.013672272483395313
9,"SquareBomb",4,2,0.00046252613272649906
6,"Single",1,12,0.050045943817274875
6,"Pair",2,12,0.02001837752690995
10,"StraightBomb",5,14,0.00021387433355229992
14,"PairSteps",4,13,0.0002564341181458159
14,"PairSteps",3,11,0.0011994499074562356
12,"SquareBomb",4,14,0.00018475323895522042
12,"FullHouse",5,14,0.002032285628507425
12,"Trio",3,14,0.002201642764216377
10,"Trio",3,5,0.003483096289280313
10,"FullHouse",5,5,0.003269221955728013
7,"Pair",2,10,0.018301291100900948
7,"PairSteps",2,11,0.0035678533843271133
7,"Trio",3,10,0.0038758695038373673
11,"StraightBomb",5,6,0.0003050295991685119
11,"Straight",9,10,0.0011297392561796737
11,"Straight",8,10,0.0023385602602919247
10,"FullHouse",5,9,0.003483096289280313
10,"Single",1,0,0.012007516155150551
10,"Pair",2,9,0.014115706014451794
10,"Trio",3,9,0.0037733543133870056
14,"PairSteps",3,14,0.0013359390348564278
8,"PairSteps",2,8,0.0018575409016217761
10,"FullHouse",5,10,0.00319283826517362
10,"Pair",2,6,0.013107441299133809
10,"Trio",3,10,0.003590033456056463
13,"StraightBomb",5,8,0.0002935978062371918
13,"StraightBomb",6,9,8.807934187115754e-05
13,"StraightBomb",5,9,0.0002701099817382165
13,"PairSteps",3,6,0.0011274155759508164
9,"PairSteps",2,12,0.0035707017446485727
13,"StraightBomb",5,14,0.00021726237661552194
4,"Single",1,9,0.039190897597977246
12,"FullHouse",5,9,0.0031100128557462105
12,"Trio",3,9,0.0031946914236006866
11,"FullHouse",5,11,0.0027339689999548106
11,"Trio",3,4,0.0039540873966288585
11,"Trio",3,11,0.0028582403181345744
11,"FullHouse",5,4,0.0036829499751457363
6,"PairSteps",2,6,0.0018049356786558153
5,"Pair",2,12,0.02136339708720828
14,"PairSteps",3,4,0.0014165917010474506
7,"Single",1,1,0.00264380502579635
3,"Single",1,0,0.025771447948457104
14,"StraightBomb",5,13,0.00015096524697293999
2,"Pair",2,6,0.010099837473879731
10,"Straight",6,6,0.0005041323576589926
10,"Straight",5,5,0.0006416230006568997
10,"Single",1,1,0.0024901083120732062
10,"Straight",8,8,0.00015276738110878564
10,"Straight",7,7,0.00032081150032844984
2,"Pair",2,14,0.011144648247039703
9,"Straight",6,6,0.0005550313592717988
9,"Straight",5,5,0.0006475365858170987
9,"Single",1,1,0.0027936578416680544
9,"Straight",8,8,0.0001480083624724797
9,"Straight",7,7,0.0002960167249449594
3,"Single",1,12,0.06612410986775177
3,"Pair",2,12,0.022295693455408612
12,"StraightBomb",5,13,0.00026173375518656226
5,"PairSteps",2,14,0.002939112124934199
4,"Pair",2,14,0.02621598243396101
4,"Single",1,2,0.04544547208729789
1,"Single",1,11,0.06675279931093885
8,"FullHouse",5,11,0.0012145459741373151
8,"Trio",3,11,0.001614631706794313
9,"PairSteps",2,14,0.0032191818837764333
9,"PairSteps",3,14,0.00046252613272649906
9,"Straight",6,14,0.0031451777025401934
12,"Straight",6,6,0.0005157694587499904
12,"Straight",5,5,0.0006774285428358083
12,"Straight",8,8,0.00022324349707089137
12,"Straight",7,7,0.0003618084262873067
10,"PairSteps",2,3,0.004903832933592019
1,"Single",1,0,0.04952627045650301
11,"PairSteps",3,4,0.001242713181797641
12,"PairSteps",3,4,0.0014010453954104217
14,"SquareBomb",4,3,0.0002936584256185956
6,"Straight",5,7,0.0039052244683644
6,"Straight",6,7,0.0011814124442110791
6,"Straight",5,6,0.003248884221580467
3,"Single",1,9,0.0377246524245507
6,"Straight",5,14,0.0027894460488317144
6,"Straight",6,14,0.000721974271462326
6,"Straight",5,13,0.0038395904436860067
8,"PairSteps",2,14,0.0019504179467028648
8,"PairSteps",3,14,0.00020718725441165963
6,"Single",1,1,0.003019165135206091
6,"Straight",5,8,0.0039380414807035965
14,"PairSteps",4,5,0.00023782196440942603
14,"Straight",10,11,0.001166361634147098
8,"PairSteps",2,6,0.0018218189612059727
11,"Trio",3,12,0.002959916851190745
11,"FullHouse",5,12,0.0027791585702019975
7,"PairSteps",2,14,0.0029518211453066043
7,"Straight",5,14,0.0035678533843271133
7,"Straight",6,14,0.0018224287071023383
7,"Straight",5,13,0.005518622141225391
1,"Single",1,15,0.027131782945736434
13,"PairSteps",3,4,0.0014797329434354466
11,"PairSteps",2,14,0.0036829499751457363
4,"PairSteps",2,6,0.0010646084237141526
12,"Straight",9,11,0.001785947976567131
12,"Straight",11,12,0.00039260063277984345
12,"Straight",10,13,0.0007852012655596869
12,"Straight",9,12,0.0017243635635820573
12,"Straight",11,13,0.00031562011654850155
12,"Straight",10,11,0.0008621817817910287
12,"Straight",12,13,7.698051623134185e-05
12,"Straight",10,12,0.0008775778850372971
14,"PairSteps",4,14,0.0002460940327367104
5,"Straight",5,11,0.001052816283558519
11,"PairSteps",4,14,9.03791404943739e-05
11,"PairSteps",3,13,0.0007117357313931945
11,"PairSteps",3,14,0.0005309774504044467
10,"PairSteps",2,6,0.0035594799798347055
13,"Trio",3,12,0.003135624570613208
13,"FullHouse",5,12,0.0030534171848667947
6,"FullHouse",5,11,0.0026909950118141246
6,"Pair",2,11,0.02011682856392754
6,"Trio",3,11,0.003970858493042793
11,"Single",1,1,0.002270775904921144
4,"Pair",2,9,0.015569898196819483
4,"Trio",3,9,0.0025284450063211127
10,"FullHouse",5,6,0.002948410455399563
10,"Trio",3,6,0.0034525428130585557
11,"Straight",6,6,0.00051968005784265
11,"Straight",5,5,0.0007004383388313977
11,"Straight",8,8,0.00019205567355054453
11,"Straight",7,7,0.0003389217768539021
14,"Straight",11,12,0.0005438884925189482
14,"Straight",10,13,0.000992648199274126
14,"Straight",11,13,0.0005045961679643474
14,"Straight",12,13,0.00020266567401846738
6,"Single",1,0,0.015489629824100813
9,"Straight",7,14,0.0017575993043606965
2,"Single",1,11,0.055374970977478524
13,"StraightBomb",5,13,0.0002113904204907781
10,"PairSteps",2,12,0.003910844956384912
4,"Single",1,0,0.020693326235943842
11,"FullHouse",5,8,0.0029825116363143386
11,"Trio",3,8,0.0032875412354828504
11,"PairSteps",3,12,0.0009376835826291292
5,"PairSteps",2,6,0.0014476223898929636
8,"Straight",6,8,0.0014217332285489748
8,"Straight",6,6,0.00021433164249482032
8,"Straight",6,7,0.0012931342430520826
8,"Straight",7,8,0.00042866328498964064
8,"Straight",5,7,0.003393584339501322
8,"Straight",8,8,2.1433164249482033e-05
8,"Straight",7,7,7.858826891476745e-05
7,"Pair",2,6,0.012705664929797992
7,"PairSteps",2,6,0.002258784876408532
5,"Trio",3,3,0.004737673276013336
5,"SquareBomb",4,3,0.0010966836287067906
10,"Trio",3,12,0.0028873035029560487
10,"FullHouse",5,12,0.0025817687407384774
14,"StraightBomb",5,7,0.00013648912740019234
14,"StraightBomb",7,9,1.0340085409105479e-05
14,"StraightBomb",6,8,2.2748187900032054e-05
9,"FullHouse",5,11,0.0027936578416680544
9,"Trio",3,11,0.003052672475994894
8,"PairSteps",2,12,0.0021790383653640067
8,"Straight",6,14,0.0012502679145531186
8,"Straight",7,12,0.00045009644923912266
9,"FullHouse",5,6,0.002738154705740874
9,"Trio",3,6,0.003330188155630793
14,"Straight",13,14,7.444861494555946e-05
14,"Straight",12,14,0.00022748187900032056
14,"Straight",11,14,0.0005438884925189482
13,"Straight",11,12,0.0005108601828527137
13,"Straight",10,13,0.0010217203657054274
13,"Straight",11,13,0.0005167321389774576
13,"Straight",10,11,0.0010275923218301714
13,"Straight",12,13,0.00015854281536808356
13,"Straight",10,12,0.001145031444325048
13,"Straight",6,6,0.00042865279710630003
13,"Straight",5,5,0.000540219963476433
13,"Straight",8,8,0.0001937745521165466
13,"Straight",7,7,0.0002935978062371918
13,"PairSteps",4,14,0.0002701099817382165
13,"PairSteps",3,14,0.0013153181719426192
3,"Pair",2,2,0.012207527975584944
8,"PairSteps",2,10,0.0020933057083660786
8,"Trio",3,7,0.001550332214045867
8,"FullHouse",5,9,0.001285989854968922
8,"FullHouse",5,7,0.0011788240337215117
8,"Trio",3,9,0.0018503965135386155
8,"FullHouse",5,12,0.0012216903622204757
8,"FullHouse",5,8,0.0012788454668857612
8,"Trio",3,8,0.0017575194684575266
4,"PairSteps",2,12,0.0016634506620533634
10,"FullHouse",5,8,0.003483096289280313
10,"Trio",3,8,0.00383446126583052
14,"SquareBomb",4,7,0.0001902575715275408
5,"PairSteps",2,3,0.0033339182312686435
13,"FullHouse",5,3,0.003863747130081444
13,"Trio",3,3,0.003992930164825809
7,"FullHouse",5,8,0.003259837264816859
7,"Trio",3,8,0.003927205523755743
3,"Pair",2,9,0.011529331976941335
3,"Trio",3,9,0.001271617497456765
5,"PairSteps",2,10,0.002939112124934199
5,"FullHouse",5,14,0.0005702754869275311
5,"Trio",3,14,0.002939112124934199
5,"PairSteps",2,13,0.0032461835409721
6,"Trio",3,8,0.0036098713573116305
6,"FullHouse",5,8,0.002658177999474928
10,"PairSteps",2,5,0.003819184527719641
6,"Straight",5,12,0.0029207140981885008
6,"Straight",6,13,0.0006235232344447362
6,"FullHouse",5,10,0.002625360987135731
7,"Pair",2,2,0.013116353089145
7,"FullHouse",5,14,0.001719756667265587
7,"Trio",3,14,0.002412792936163659
12,"PairSteps",4,10,0.00018475323895522042
12,"PairSteps",3,9,0.0009468603496455047
12,"PairSteps",3,10,0.0009083700915298338
7,"PairSteps",2,12,0.003952873533714931
14,"PairSteps",4,10,0.00021920981067303615
7,"PairSteps",2,10,0.003413845324571986
13,"PairSteps",4,10,0.0002583660694887288
13,"PairSteps",3,9,0.0011215436198260726
13,"PairSteps",3,10,0.0011567753565745356
6,"Pair",2,13,0.02254528747702809
6,"PairSteps",2,13,0.0034786033079548437
4,"Pair",2,8,0.012642225031605562
9,"PairSteps",2,3,0.004181236239847551
9,"Straight",7,10,0.0021831233464690756
9,"Straight",6,10,0.0046067602819559305
9,"Straight",7,11,0.001961110802760356
9,"Straight",8,11,0.0007400418123623985
12,"FullHouse",5,3,0.004095363463507386
12,"Trio",3,3,0.004326305012201412
7,"FullHouse",5,6,0.002053440796735029
7,"Trio",3,6,0.0025924690058779743
5,"Straight",5,13,0.0008773469029654326
11,"FullHouse",5,10,0.0031180803470558997
11,"Trio",3,10,0.0033779203759772246
10,"PairSteps",2,14,0.0032997754319497702
11,"Trio",3,6,0.0033666229834154278
11,"FullHouse",5,6,0.003095485561932306
14,"StraightBomb",5,12,0.0001468292128092978
5,"PairSteps",2,12,0.003640989647306545
8,"PairSteps",2,9,0.0018718296777880975
4,"Trio",3,14,0.003925743562445938
11,"PairSteps",4,10,0.00021465045867413802
11,"PairSteps",3,9,0.000903791404943739
11,"PairSteps",3,10,0.0009150887975055358
2,"Pair",2,3,0.010796377989319712
8,"PairSteps",2,7,0.0018289633492891333
9,"Trio",3,4,0.0037187101071210526
9,"FullHouse",5,4,0.003348689200939853
13,"StraightBomb",5,12,0.00020551846436603425
4,"Trio",3,2,0.003459977377070996
4,"Pair",2,2,0.016035664382194423
3,"Pair",2,11,0.017463546965072907
3,"Single",1,4,0.03738555442522889
6,"PairSteps",2,12,0.0039052244683644
6,"FullHouse",5,6,0.0014111315305854555
6,"Trio",3,6,0.002625360987135731
6,"FullHouse",5,2,0.0032160672092412705
6,"Pair",2,2,0.014242583355211341
6,"Trio",3,2,0.004758466789183513
2,"Pair",2,2,0.0162526120269329
7,"FullHouse",5,3,0.003336841294694422
7,"Trio",3,3,0.003824533483918992
7,"FullHouse",5,2,0.003208501244898483
7,"Trio",3,2,0.00408121358351087
6,"Pair",2,7,0.014242583355211341
6,"Straight",5,11,0.0026909950118141246
4,"PairSteps",2,3,0.00292767316521392
7,"PairSteps",2,5,0.0023357889062860957
12,"StraightBomb",5,12,0.00023094154869402554
6,"PairSteps",2,10,0.0029207140981885008
9,"FullHouse",5,3,0.003422693382176093
9,"Trio",3,3,0.003792714288357292
9,"FullHouse",5,14,0.0013875783981794972
9,"Trio",3,14,0.0017946013949788162
2,"Pair",2,11,0.014395170652426282
7,"Straight",6,13,0.002258784876408532
1,"Single",1,4,0.06438415159345393
10,"FullHouse",5,2,0.0037122473609434914
10,"Trio",3,2,0.004155272766158969
8,"Trio",3,4,0.0018075301850396513
8,"FullHouse",5,4,0.0013360005715510467
11,"FullHouse",5,3,0.004055763929685029
11,"Trio",3,3,0.00439468570653893
3,"Trio",3,4,0.001949813496100373
3,"Pair",2,4,0.010512037978975925
10,"Trio",3,13,0.003330328908171527
10,"PairSteps",3,11,0.0008554973342091997
10,"FullHouse",5,13,0.003024794145953956
7,"FullHouse",5,11,0.0027721450755922895
7,"Trio",3,11,0.0034908493544495494
5,"Trio",3,8,0.0037287243376030884
14,"SquareBomb",4,5,0.00020473369110028848
14,"SquareBomb",4,6,0.00021507377650939395
2,"Pair",2,4,0.011609008590666357
6,"FullHouse",5,5,0.0022971908637437646
10,"Trio",3,3,0.0040941658137154556
5,"PairSteps",2,11,0.002588173363748026
12,"SquareBomb",4,5,0.00036950647791044084
4,"Trio",3,8,0.0016634506620533634
8,"Trio",3,14,0.0012431235264699577
5,"Straight",5,8,0.002237234602561853
5,"Straight",5,9,0.0015792244253377786
10,"PairSteps",2,9,0.004201102980491605
3,"Trio",3,7,0.001102068497795863
7,"Straight",7,14,0.00025668009959187865
10,"Straight",9,11,0.0005805160482133854
10,"Straight",8,10,0.0018026550970836708
10,"Straight",7,10,0.0036664171466108558
10,"Straight",9,10,0.0008249438579874426
10,"Straight",10,11,0.00016804411921966423
10,"Straight",8,11,0.0016651644540857636
7,"Trio",3,4,0.003593521394286301
7,"FullHouse",5,4,0.0029774891552657922
12,"SquareBomb",4,6,0.00033101621979476995
6,"Trio",3,14,0.003019165135206091
14,"StraightBomb",5,10,0.0002005976569366463
13,"PairSteps",4,12,0.00033470149911039865
8,"FullHouse",5,13,0.0013788669000500107
9,"Trio",3,7,0.0031081756119220737
9,"FullHouse",5,7,0.0027751567963589944
9,"StraightBomb",5,14,0.00018501045309059962
9,"PairSteps",2,7,0.003404192336867033
9,"PairSteps",3,8,0.0006290355405080387
8,"Straight",7,14,0.0003715081803243552
3,"Pair",2,3,0.009664292980671414
3,"Trio",3,3,0.002204136995591726
13,"SquareBomb",4,6,0.0002935978062371918
7,"Straight",6,10,0.0016170846274288354
7,"PairSteps",2,9,0.002823481095510665
8,"PairSteps",3,10,0.00016432092591269558
5,"FullHouse",5,6,0.0010089489384102475
5,"Trio",3,6,0.002719775399192841
8,"Trio",3,3,0.0019075516182039008
13,"SquareBomb",4,5,0.0003112136746114233
11,"SquareBomb",4,6,0.0003276243842921054
5,"PairSteps",2,7,0.0015792244253377786
10,"PairSteps",2,7,0.0034525428130585557
10,"PairSteps",3,8,0.0006416230006568997
5,"Trio",3,4,0.004518336550271978
5,"FullHouse",5,4,0.002105632567117038
14,"PairSteps",4,12,0.0002977944597822378
12,"PairSteps",4,12,0.0002540357035634281
12,"PairSteps",3,11,0.0009545584012686389
7,"FullHouse",5,5,0.0026694730357555378
11,"StraightBomb",5,14,0.00020335306611234127
11,"Straight",9,11,0.0012088210041122508
11,"Straight",10,11,0.00051968005784265
11,"Straight",8,11,0.0025984002892132495
11,"PairSteps",3,11,0.0008811966198201455
10,"PairSteps",2,13,0.0036664171466108558
12,"PairSteps",3,7,0.0009083700915298338
8,"StraightBomb",5,14,9.28770450810888e-05
7,"PairSteps",2,7,0.0023614569162452837
7,"Trio",3,7,0.003439513334531174
7,"FullHouse",5,7,0.0029261531353474163
9,"PairSteps",2,9,0.003922221605520712
6,"Trio",3,12,0.004627198739826726
11,"SquareBomb",4,4,0.00037281395453929233
5,"SquareBomb",4,4,0.0008773469029654326
8,"StraightBomb",5,6,0.00010002143316424949
12,"SquareBomb",4,4,0.0003464123230410383
12,"PairSteps",4,13,0.0002001493422014888
14,"PairSteps",4,8,0.00018198550320025643
7,"Straight",6,11,0.0017967606971431504
7,"Straight",7,13,0.00025668009959187865
7,"Straight",7,12,0.0002823481095510665
7,"Straight",6,12,0.001668420647347211
5,"Trio",3,12,0.0032023161958238287
4,"PairSteps",2,5,0.0011311464501962871
4,"Trio",3,12,0.003459977377070996
7,"FullHouse",5,10,0.0031058292050617315
14,"SquareBomb",4,4,0.00023368593024578383
8,"PairSteps",3,13,0.0001928984782453383
9,"StraightBomb",5,6,0.00031451777025401936
7,"StraightBomb",5,6,0.00041068815934700584
9,"Straight",8,14,0.0007030397217442785
13,"SquareBomb",4,4,0.00035818932360937397
6,"Trio",3,4,0.0037739564190076135
7,"Straight",6,8,0.0021304448266125926
7,"Straight",6,7,0.0019507687568982776
7,"Straight",7,8,0.0006673682589388844
10,"SquareBomb",4,4,0.00033608823843932846
8,"Straight",7,9,0.0005286847181538902
14,"PairSteps",5,14,4.3428358718243015e-05
7,"Straight",7,9,0.00046202417926538157
13,"PairSteps",5,14,5.2847605122694524e-05
14,"PairSteps",4,9,0.00023161791316396273
6,"Trio",3,13,0.004824100813861906
10,"FullHouse",5,3,0.003681693884721734
9,"Straight",8,12,0.0006105344951989788
8,"FullHouse",5,2,0.0012645566907194398
8,"Trio",3,2,0.0017789526327070086
12,"StraightBomb",5,6,0.00027712985843283066
6,"PairSteps",2,11,0.002756629036492518
6,"FullHouse",5,13,0.003281701233919664
7,"StraightBomb",5,13,0.0002823481095510665
11,"Straight",9,12,0.0011862262189886574
8,"SquareBomb",4,9,0.00012145459741373151
2,"Pair",2,7,0.010215927559786394
12,"SquareBomb",4,9,0.0003002240133022332
9,"PairSteps",2,10,0.004014726832066012
9,"PairSteps",3,11,0.0007030397217442785
9,"PairSteps",3,4,0.0008510480842167582
8,"StraightBomb",5,13,8.573265699792813e-05
14,"PairSteps",4,7,0.00020886972526393068
11,"SquareBomb",4,9,0.00023724524379773148
9,"Straight",8,13,0.0007215407670533385
10,"StraightBomb",5,8,0.0003055347622175713
8,"PairSteps",3,4,0.00022862041866114166
10,"SquareBomb",4,9,0.00032081150032844984
10,"StraightBomb",5,13,0.00027498128599581415
8,"PairSteps",3,8,0.0001500321497463742
13,"SquareBomb",4,9,0.00023487824498975344
8,"PairSteps",3,11,0.00027148674716010574
4,"SquareBomb",4,9,0.00039922815889280723
10,"PairSteps",3,4,0.0009471577628744711
4,"Pair",2,7,0.012043382793266352
7,"FullHouse",5,9,0.002849149105469853
10,"PairSteps",3,7,0.0005499625719916283
10,"PairSteps",3,6,0.0007180066912112926
4,"Trio",3,11,0.002328830926874709
7,"SquareBomb",4,2,0.0003593521394286301
11,"PairSteps",3,7,0.0008021148718875684
14,"PairSteps",4,11,0.000194393605691183
5,"PairSteps",2,8,0.0021494999122653098
6,"Trio",3,3,0.0037083223943292203
8,"FullHouse",5,14,0.0006787168679002643
8,"FullHouse",5,3,0.0013931556762163321
6,"PairSteps",2,14,0.0030519821475452876
6,"PairSteps",3,14,0.00013126804935678657
13,"PairSteps",4,6,0.00023487824498975344
13,"PairSteps",3,5,0.0011332875320755602
6,"FullHouse",5,12,0.002887897085849304
9,"PairSteps",3,7,0.00048102717803555903
9,"FullHouse",5,9,0.003348689200939853
9,"Trio",3,9,0.0037187101071210526
6,"SquareBomb",4,2,0.0005907062221055396
10,"SquareBomb",4,2,0.0005194090957698712
2,"Single",1,1,0.003947062920826561
5,"FullHouse",5,7,0.001535357080189507
6,"SquareBomb",4,6,0.00045943817274875297
1,"Single",1,1,0.009905254091300603
13,"PairSteps",4,8,0.0001467989031185959
12,"SquareBomb",4,2,0.0005311655619962588
7,"PairSteps",2,3,0.0029518211453066043
6,"Trio",3,7,0.003281701233919664
6,"FullHouse",5,7,0.0022315568390653714
6,"FullHouse",5,14,0.0016080336046206353
9,"PairSteps",3,10,0.0008695491295258182
4,"PairSteps",2,13,0.0013972985561248254
6,"PairSteps",2,3,0.0031176161722236808
11,"Straight",11,12,0.00011297392561796737
11,"Straight",10,12,0.00044059830991007276
14,"StraightBomb",5,11,0.00018405352028207753
7,"PairSteps",3,6,0.0002823481095510665
13,"PairSteps",4,11,0.0001820306398670589
5,"SquareBomb",4,6,0.0004825407966309879
5,"Straight",5,7,0.0018424284962274082
12,"PairSteps",4,6,0.00022324349707089137
12,"PairSteps",3,5,0.0010931233304850541
6,"Straight",6,8,0.0013126804935678655
5,"SquareBomb",4,2,0.0007457448675206176
10,"Straight",9,12,0.0005652393101025069
6,"FullHouse",5,4,0.0025925439747965344
5,"FullHouse",5,3,0.002368836638006668
4,"Trio",3,7,0.0019296027679819017
14,"Straight",11,11,0.00021507377650939395
14,"PairSteps",4,6,0.00023988998149124713
6,"FullHouse",5,3,0.002756629036492518
14,"SquareBomb",4,8,0.00018198550320025643
12,"PairSteps",4,14,0.0001462629808395495
12,"PairSteps",3,14,0.0007390129558208817
6,"Straight",5,9,0.003183250196902074
9,"FullHouse",5,8,0.0031451777025401934
9,"Trio",3,8,0.0036262048805757526
13,"SquareBomb",4,8,0.00025249411336398495
5,"FullHouse",5,10,0.0017108264607825934
14,"SquareBomb",4,10,0.0001902575715275408
3,"Trio",3,6,0.001610715496778569
2,"Pair",2,5,0.009171116786626422
9,"PairSteps",3,13,0.0006105344951989788
13,"PairSteps",4,5,0.00028772585011244795
9,"SquareBomb",4,4,0.00031451777025401936
11,"Straight",10,14,0.0004518957024718695
8,"SquareBomb",4,10,0.0001571765378295349
6,"SquareBomb",4,13,0.00045943817274875297
4,"Trio",3,6,0.0026615210592853818
9,"SquareBomb",4,10,0.0003885219514902592
6,"SquareBomb",4,4,0.0005250721974271463
9,"SquareBomb",4,3,0.00031451777025401936
5,"Straight",5,6,0.002588173363748026
7,"SquareBomb",4,4,0.0004363561693061937
12,"SquareBomb",4,3,0.00048497725225745363
11,"SquareBomb",4,3,0.00042930091734827604
10,"SquareBomb",4,10,0.00032081150032844984
5,"Straight",5,12,0.001052816283558519
13,"SquareBomb",4,3,0.0004227808409815562
10,"PairSteps",3,13,0.0006874532149895355
13,"Straight",11,14,0.0005989395247238713
10,"SquareBomb",4,3,0.000488855619548114
6,"Straight",6,9,0.0009845103701758991
10,"PairSteps",4,10,9.16604286652714e-05
10,"PairSteps",3,9,0.0006568997387677784
10,"PairSteps",3,10,0.0007791136436548069
8,"SquareBomb",4,13,0.00012145459741373151
10,"StraightBomb",5,6,0.0002597045478849356
5,"StraightBomb",5,6,0.00026320407088962973
10,"PairSteps",3,5,0.000809667119876564
10,"PairSteps",4,5,0.0001833208573305428
14,"PairSteps",5,11,3.3088273309137535e-05
9,"PairSteps",4,10,0.00011100627185435977
9,"PairSteps",3,9,0.0005365303139627389
4,"Trio",3,3,0.002994211191696054
11,"PairSteps",3,5,0.0008924940123819422
11,"PairSteps",4,5,0.00021465045867413802
6,"StraightBomb",5,6,0.00039380414807035967
6,"Straight",6,10,0.0006563402467839327
13,"PairSteps",4,9,0.0002290062888650096
13,"PairSteps",5,10,5.2847605122694524e-05
13,"SquareBomb",4,10,0.00025249411336398495
6,"SquareBomb",4,5,0.0006563402467839327
11,"SquareBomb",4,5,0.00035021916941569884
5,"SquareBomb",4,5,0.0006141428320758028
12,"SquareBomb",4,10,0.0003002240133022332
10,"SquareBomb",4,5,0.00038191845277196415
3,"Trio",3,12,0.001186842997626314
5,"FullHouse",5,12,0.0006580101772240744
7,"Straight",7,11,0.00041068815934700584
7,"PairSteps",3,13,0.0005390282091429451
6,"PairSteps",3,13,0.00022971908637437648
14,"PairSteps",5,10,3.929232455460082e-05
8,"PairSteps",3,12,0.0001857540901621776
4,"PairSteps",2,9,0.0017965267150176327
9,"Straight",9,14,0.00011100627185435977
5,"Straight",5,5,0.0004386734514827163
5,"Single",1,1,0.0022811019477101246
8,"Straight",8,13,7.858826891476745e-05
8,"Straight",8,14,9.28770450810888e-05
14,"Straight",12,12,8.892473451830712e-05
13,"SquareBomb",4,7,0.0002818538939877041
12,"SquareBomb",4,7,0.00031562011654850155
11,"SquareBomb",4,7,0.0002824348140449184
5,"PairSteps",2,9,0.0025004386734514827
8,"FullHouse",5,5,0.0012288347503036365
13,"SquareBomb",4,12,0.0003523173674846302
10,"StraightBomb",5,9,0.00038191845277196415
7,"StraightBomb",5,9,0.00046202417926538157
12,"PairSteps",5,14,2.3094154869402553e-05
14,"SquareBomb",4,12,0.0002481620498185315
9,"PairSteps",4,13,0.00012950731716341975
9,"PairSteps",3,12,0.0008325470389076982
11,"PairSteps",4,8,0.0001242713181797641
12,"PairSteps",4,8,0.0001000746711007444
8,"StraightBomb",5,9,0.00010002143316424949
11,"PairSteps",4,13,9.03791404943739e-05
6,"StraightBomb",5,9,0.0004266211604095563
12,"SquareBomb",4,12,0.00037720452953357505
10,"PairSteps",4,13,0.0001222139048870285
10,"PairSteps",3,14,0.00047357888143723554
10,"PairSteps",3,12,0.0008554973342091997
5,"PairSteps",2,5,0.0014914897350412353
6,"PairSteps",2,5,0.001903386715673405
5,"FullHouse",5,8,0.00188629584137568
9,"Straight",9,11,0.00018501045309059962
9,"Straight",8,10,0.0009065512201439381
12,"PairSteps",4,5,0.0002540357035634281
12,"SquareBomb",4,11,0.0002463376519402939
13,"PairSteps",5,8,2.935978062371918e-05
13,"PairSteps",4,7,0.00017028672761757125
11,"Straight",10,13,0.0004518957024718695
12,"PairSteps",5,11,7.698051623134185e-06
12,"PairSteps",4,11,0.00010777272272387858
7,"PairSteps",3,9,0.0003593521394286301
13,"SquareBomb",4,11,0.0002113904204907781
9,"SquareBomb",4,6,0.0004255240421083791
11,"SquareBomb",4,8,0.0003050295991685119
11,"SquareBomb",4,11,0.000259840028921325
8,"SquareBomb",4,3,0.00011431020933057083
7,"SquareBomb",4,3,0.00041068815934700584
12,"SquareBomb",4,8,0.000292525961679099
10,"Straight",10,13,0.00016804411921966423
10,"Straight",10,12,9.16604286652714e-05
10,"SquareBomb",4,11,0.0002597045478849356
3,"Trio",3,11,0.0013563919972872161
10,"SquareBomb",4,6,0.0003971951908828427
14,"PairSteps",5,8,2.2748187900032054e-05
13,"PairSteps",5,11,4.697564899795069e-05
6,"PairSteps",2,9,0.002330007876082961
5,"FullHouse",5,5,0.0015792244253377786
3,"Trio",3,10,0.001780264496439471
7,"Straight",6,6,0.00041068815934700584
7,"StraightBomb",6,7,5.133601991837573e-05
7,"StraightBomb",5,7,0.00023101208963269079
7,"Straight",5,5,0.0005133601991837573
7,"Straight",7,7,7.70040298775636e-05
14,"PairSteps",5,13,5.376844412734849e-05
12,"PairSteps",5,13,6.928246460820767e-05
14,"StraightBomb",6,7,3.3088273309137535e-05
8,"Straight",8,9,0.00011431020933057083
9,"StraightBomb",6,7,5.5503135927179885e-05
9,"StraightBomb",5,7,0.00024051358901777952
13,"PairSteps",5,13,7.046347349692603e-05
4,"Trio",3,10,0.0033934393505888616
6,"SquareBomb",4,3,0.0004266211604095563
4,"PairSteps",2,11,0.000998070397232018
4,"PairSteps",2,10,0.0011311464501962871
6,"SquareBomb",4,14,0.0001640850616959832
6,"StraightBomb",5,14,0.00022971908637437648
11,"Straight",11,14,0.00010167653305617064
12,"PairSteps",4,7,0.00016165908408581788
11,"PairSteps",4,7,0.00010167653305617064
7,"SquareBomb",4,14,0.0001540080597551272
9,"SquareBomb",4,9,0.00031451777025401936
3,"Trio",3,5,0.001865038996269922
8,"SquareBomb",4,14,8.573265699792813e-05
10,"PairSteps",4,7,6.110695244351426e-05
5,"Straight",5,10,0.0013160203544481488
8,"SquareBomb",4,7,0.00011431020933057083
5,"SquareBomb",4,7,0.0006580101772240744
7,"SquareBomb",4,7,0.0005133601991837573
8,"StraightBomb",5,8,7.858826891476745e-05
5,"FullHouse",5,13,0.0009212142481137041
3,"Trio",3,13,0.001865038996269922
6,"SquareBomb",4,7,0.0004922551850879496
9,"StraightBomb",5,8,0.0002590146343268395
12,"PairSteps",4,9,0.00016165908408581788
12,"StraightBomb",5,10,0.00031562011654850155
11,"PairSteps",4,9,0.00013556871074156085
13,"StraightBomb",5,10,0.00028772585011244795
10,"PairSteps",4,12,0.00021387433355229992
11,"PairSteps",4,12,0.00021465045867413802
14,"PairSteps",5,12,3.1020256227316434e-05
11,"StraightBomb",5,10,0.0003615165619774956
7,"PairSteps",3,11,0.00038502014938781795
9,"PairSteps",4,12,9.250522654529981e-05
13,"PairSteps",5,12,3.5231736748463014e-05
8,"PairSteps",3,6,0.00014288776166321355
11,"SquareBomb",4,10,0.0003615165619774956
6,"FullHouse",5,9,0.0021331058020477816
6,"Straight",6,11,0.0004922551850879496
14,"PairSteps",5,7,3.1020256227316434e-05
6,"SquareBomb",4,11,0.00039380414807035967
9,"PairSteps",3,5,0.0005735324045808588
5,"SquareBomb",4,11,0.00035093876118617303
8,"PairSteps",3,5,0.00011431020933057083
9,"StraightBomb",5,9,0.00033301881556307934
12,"Straight",11,14,0.000292525961679099
11,"SquareBomb",4,12,0.00041800352478647926
9,"SquareBomb",4,8,0.0002960167249449594
7,"SquareBomb",4,8,0.0003080161195102544
10,"PairSteps",4,14,7.638369055439282e-05
10,"SquareBomb",4,8,0.0002597045478849356
9,"SquareBomb",4,7,0.0003885219514902592
6,"SquareBomb",4,8,0.00019690207403517984
6,"SquareBomb",4,12,0.0006235232344447362
10,"SquareBomb",4,12,0.00038191845277196415
10,"SquareBomb",4,7,0.000351364976550207
5,"SquareBomb",4,8,0.0005264081417792595
9,"PairSteps",4,14,3.7002090618119924e-05
10,"Straight",10,14,0.0001222139048870285
6,"Straight",5,5,0.0005578892097663429
6,"Straight",6,6,0.0003281701233919664
8,"SquareBomb",4,8,9.28770450810888e-05
8,"PairSteps",4,14,7.144388083160677e-06
4,"SquareBomb",4,7,0.0004657661853749418
5,"SquareBomb",4,12,0.0005702754869275311
13,"Straight",10,10,9.395129799590137e-05
13,"Straight",9,9,0.00014092694699385205
13,"Straight",11,11,2.3487824498975344e-05
14,"StraightBomb",7,14,1.0340085409105479e-05
14,"StraightBomb",6,13,2.6884222063674244e-05
14,"StraightBomb",6,14,2.895223914549534e-05
6,"SquareBomb",4,10,0.0002953531110527698
8,"Straight",8,11,5.0010716582124744e-05
12,"StraightBomb",6,13,6.158441298507348e-05
7,"Straight",7,10,0.0002823481095510665
3,"Trio",3,2,0.002373685995252628
12,"Straight",10,10,0.0001000746711007444
12,"Straight",9,9,0.00016935713570895208
13,"PairSteps",5,9,2.935978062371918e-05
11,"StraightBomb",5,12,0.0001807582809887478
7,"SquareBomb",4,5,0.00041068815934700584
13,"Straight",12,14,0.00024075020111449726
14,"Straight",13,13,2.2748187900032054e-05
14,"PairSteps",5,9,2.0680170818210957e-05
9,"SquareBomb",4,5,0.0003885219514902592
13,"StraightBomb",6,13,5.2847605122694524e-05
3,"Trio",3,14,0.001102068497795863
8,"PairSteps",3,9,0.00016432092591269558
7,"PairSteps",3,12,0.0004363561693061937
13,"StraightBomb",5,7,0.00023487824498975344
6,"PairSteps",3,12,0.00013126804935678657
11,"StraightBomb",5,7,0.000259840028921325
8,"StraightBomb",5,7,6.429949274844609e-05
6,"StraightBomb",5,7,0.0003281701233919664
12,"StraightBomb",5,7,0.0002463376519402939
8,"StraightBomb",5,10,0.00012145459741373151
13,"StraightBomb",5,11,0.0002466221572392411
9,"StraightBomb",5,10,0.00037002090618119924
10,"StraightBomb",5,10,0.0003971951908828427
4,"PairSteps",2,8,0.0009315323707498836
7,"StraightBomb",5,10,0.0004363561693061937
10,"SquareBomb",4,13,0.0001833208573305428
10,"StraightBomb",5,7,0.00032081150032844984
9,"PairSteps",4,5,7.400418123623985e-05
9,"Straight",9,10,0.0002960167249449594
7,"SquareBomb",4,6,0.00020534407967350292
12,"PairSteps",5,12,3.8490258115670926e-05
3,"Single",1,1,0.003221430993557138
8,"SquareBomb",4,6,0.00013574337358005287
11,"PairSteps",5,12,4.518957024718695e-05
11,"PairSteps",4,11,0.0001242713181797641
10,"PairSteps",5,12,3.055347622175713e-05
10,"PairSteps",4,11,7.638369055439282e-05
8,"PairSteps",3,7,0.00012145459741373151
4,"SquareBomb",4,2,0.0007984563177856145
8,"SquareBomb",4,11,6.429949274844609e-05
7,"PairSteps",3,7,0.00017967606971431506
11,"Straight",9,9,0.0001242713181797641
12,"PairSteps",5,9,2.3094154869402553e-05
8,"SquareBomb",4,2,0.00012859898549689219
9,"SquareBomb",4,11,0.00022201254370871954
11,"SquareBomb",4,14,9.03791404943739e-05
4,"Trio",3,4,0.002594983032803247
10,"SquareBomb",4,14,6.110695244351426e-05
7,"SquareBomb",4,11,0.0003336841294694422
12,"StraightBomb",5,11,0.00023863960031715971
4,"PairSteps",2,14,0.00146383658260696
9,"PairSteps",4,6,3.7002090618119924e-05
11,"PairSteps",4,6,0.00022594785123593474
5,"Straight",5,14,0.0005702754869275311
4,"SquareBomb",4,8,0.0004657661853749418
4,"Single",1,1,0.002728059085767516
11,"StraightBomb",5,11,0.00021465045867413802
10,"StraightBomb",5,11,0.00016804411921966423
8,"StraightBomb",5,11,6.429949274844609e-05
12,"PairSteps",5,6,5.388636136193929e-05
7,"StraightBomb",5,11,0.0002823481095510665
6,"StraightBomb",5,11,0.0001640850616959832
11,"Straight",10,10,5.6486962808983684e-05
14,"PairSteps",5,6,4.3428358718243015e-05
4,"SquareBomb",4,12,0.0006653802648213454
7,"SquareBomb",4,12,0.000564696219102133
9,"StraightBomb",5,11,0.00018501045309059962
4,"SquareBomb",4,3,0.0007984563177856145
5,"FullHouse",5,9,0.0014037550447446921
10,"PairSteps",4,6,0.00010693716677614996
7,"PairSteps",3,5,0.0001540080597551272
7,"StraightBomb",5,14,0.0001540080597551272
4,"SquareBomb",4,6,0.0005323042118570763
4,"PairSteps",2,7,0.0009315323707498836
8,"Straight",8,10,0.00011431020933057083
6,"StraightBomb",6,7,3.281701233919664e-05
12,"StraightBomb",6,7,3.8490258115670926e-05
13,"StraightBomb",6,7,3.5231736748463014e-05
7,"PairSteps",3,4,0.0004363561693061937
8,"SquareBomb",4,4,0.00014288776166321355
13,"StraightBomb",7,11,1.7615868374231507e-05
13,"StraightBomb",6,10,5.2847605122694524e-05
13,"StraightBomb",6,11,7.633542962166987e-05
5,"StraightBomb",5,10,0.00017546938059308652
6,"StraightBomb",5,10,0.0003281701233919664
6,"PairSteps",3,4,0.0001640850616959832
14,"StraightBomb",7,11,8.272068327284384e-06
14,"StraightBomb",6,10,2.895223914549534e-05
14,"StraightBomb",6,11,5.1700427045527395e-05
12,"StraightBomb",6,14,5.388636136193929e-05
13,"StraightBomb",6,14,4.110369287320685e-05
10,"StraightBomb",6,14,4.58302143326357e-05
3,"Trio",3,8,0.001271617497456765
8,"SquareBomb",4,5,0.00014288776166321355
14,"Straight",14,14,2.068017081821096e-06
13,"StraightBomb",6,8,4.697564899795069e-05
14,"PairSteps",6,9,4.136034163642192e-06
5,"SquareBomb",4,14,0.00017546938059308652
9,"SquareBomb",4,14,9.250522654529981e-05
10,"Straight",9,9,6.110695244351426e-05
10,"Straight",10,10,3.055347622175713e-05
9,"Straight",9,12,0.00011100627185435977
8,"PairSteps",4,5,2.1433164249482033e-05
4,"SquareBomb",4,5,0.0006653802648213454
13,"PairSteps",5,6,5.871956124743836e-05
8,"StraightBomb",5,12,7.144388083160678e-05
8,"StraightBomb",6,13,2.8577552332642708e-05
11,"StraightBomb",6,13,5.6486962808983684e-05
11,"StraightBomb",5,13,0.00021465045867413802
14,"PairSteps",6,7,4.136034163642192e-06
9,"SquareBomb",4,12,0.0004255240421083791
9,"StraightBomb",5,12,0.00018501045309059962
9,"StraightBomb",6,13,7.400418123623985e-05
9,"StraightBomb",5,13,0.00012950731716341975
6,"PairSteps",3,7,9.845103701758992e-05
7,"StraightBomb",5,12,0.00010267203983675146
7,"StraightBomb",6,13,5.133601991837573e-05
8,"SquareBomb",4,12,0.0001571765378295349
8,"StraightBomb",6,10,1.4288776166321354e-05
11,"StraightBomb",6,10,7.908174793257716e-05
10,"StraightBomb",6,10,6.110695244351426e-05
12,"StraightBomb",6,10,6.158441298507348e-05
9,"StraightBomb",6,10,3.7002090618119924e-05
7,"StraightBomb",6,10,2.5668009959187865e-05
4,"SquareBomb",4,11,0.00026615210592853815
6,"Straight",6,12,0.000360987135731163
12,"PairSteps",5,10,2.3094154869402553e-05
4,"SquareBomb",4,4,0.0005988422383392108
7,"PairSteps",3,10,0.00023101208963269079
6,"PairSteps",3,10,3.281701233919664e-05
10,"PairSteps",4,8,6.110695244351426e-05
13,"Straight",13,14,4.697564899795069e-05
12,"StraightBomb",6,8,5.388636136193929e-05
11,"Straight",11,13,0.00010167653305617064
9,"Straight",9,13,0.0001480083624724797
10,"PairSteps",5,13,3.055347622175713e-05
11,"PairSteps",5,13,3.389217768539021e-05
7,"SquareBomb",4,10,0.0003336841294694422
12,"Straight",12,14,4.6188309738805106e-05
14,"StraightBomb",7,12,1.0340085409105479e-05
14,"StraightBomb",6,12,2.6884222063674244e-05
11,"StraightBomb",6,11,7.908174793257716e-05
6,"StraightBomb",5,13,0.0003281701233919664
10,"StraightBomb",6,11,4.58302143326357e-05
12,"StraightBomb",6,11,6.928246460820767e-05
13,"StraightBomb",6,12,4.697564899795069e-05
13,"StraightBomb",7,12,1.1743912249487672e-05
9,"StraightBomb",6,11,3.7002090618119924e-05
8,"StraightBomb",6,11,1.4288776166321354e-05
12,"StraightBomb",6,12,4.6188309738805106e-05
12,"StraightBomb",7,12,1.539610324626837e-05
7,"StraightBomb",6,11,7.70040298775636e-05
10,"StraightBomb",5,12,0.00013749064299790708
7,"PairSteps",3,8,0.00012834004979593933
6,"PairSteps",3,11,6.563402467839328e-05
14,"StraightBomb",7,8,6.204051245463288e-06
10,"PairSteps",4,9,4.58302143326357e-05
4,"SquareBomb",4,14,0.00026615210592853815
6,"StraightBomb",5,8,0.0003281701233919664
13,"StraightBomb",7,9,1.7615868374231507e-05
12,"StraightBomb",7,9,2.3094154869402553e-05
9,"StraightBomb",7,9,3.7002090618119924e-05
9,"StraightBomb",6,8,5.5503135927179885e-05
9,"StraightBomb",6,9,9.250522654529981e-05
10,"StraightBomb",7,9,3.055347622175713e-05
10,"StraightBomb",6,8,6.110695244351426e-05
10,"StraightBomb",6,9,9.16604286652714e-05
8,"Straight",8,12,5.0010716582124744e-05
7,"PairSteps",3,14,0.00023101208963269079
11,"PairSteps",5,6,4.518957024718695e-05
11,"StraightBomb",6,12,3.389217768539021e-05
14,"StraightBomb",7,10,1.2408102490926575e-05
13,"StraightBomb",7,10,2.3487824498975344e-05
12,"StraightBomb",7,10,3.079220649253674e-05
6,"PairSteps",3,6,0.00013126804935678657
5,"SquareBomb",4,10,0.00039480610633444465
8,"PairSteps",4,12,1.4288776166321354e-05
8,"StraightBomb",7,14,7.144388083160677e-06
8,"StraightBomb",6,14,7.144388083160677e-06
10,"StraightBomb",7,14,1.5276738110878564e-05
10,"StraightBomb",6,13,6.110695244351426e-05
13,"StraightBomb",7,14,5.871956124743836e-06
11,"StraightBomb",6,7,3.389217768539021e-05
10,"StraightBomb",6,7,3.055347622175713e-05
12,"StraightBomb",7,14,7.698051623134185e-06
7,"StraightBomb",5,8,0.0003080161195102544
7,"StraightBomb",6,9,0.00010267203983675146
8,"StraightBomb",6,9,1.4288776166321354e-05
10,"StraightBomb",7,10,1.5276738110878564e-05
11,"StraightBomb",7,10,2.2594785123593476e-05
11,"StraightBomb",6,14,4.518957024718695e-05
4,"SquareBomb",4,10,0.0005988422383392108
6,"PairSteps",3,9,6.563402467839328e-05
5,"StraightBomb",5,7,0.00013160203544481487
9,"PairSteps",4,9,3.7002090618119924e-05
9,"PairSteps",4,8,7.400418123623985e-05
14,"PairSteps",6,13,2.068017081821096e-06
14,"PairSteps",6,11,6.204051245463288e-06
13,"PairSteps",6,9,5.871956124743836e-06
12,"PairSteps",5,8,1.539610324626837e-05
12,"PairSteps",6,9,7.698051623134185e-06
9,"PairSteps",4,11,5.5503135927179885e-05
5,"StraightBomb",5,8,0.00021933672574135814
14,"StraightBomb",8,11,2.068017081821096e-06
11,"PairSteps",5,10,1.1297392561796738e-05
9,"Straight",9,9,5.5503135927179885e-05
12,"StraightBomb",7,11,1.539610324626837e-05
8,"PairSteps",4,11,7.144388083160677e-06
11,"StraightBomb",7,11,2.2594785123593476e-05
6,"StraightBomb",5,12,0.00019690207403517984
13,"PairSteps",6,11,5.871956124743836e-06
8,"PairSteps",4,7,7.144388083160677e-06
9,"PairSteps",4,7,1.8501045309059962e-05
13,"PairSteps",5,7,2.3487824498975344e-05
12,"PairSteps",5,7,1.539610324626837e-05
13,"PairSteps",6,7,5.871956124743836e-06
5,"StraightBomb",5,12,0.00017546938059308652
5,"StraightBomb",5,9,0.00013160203544481487
11,"StraightBomb",6,8,2.2594785123593476e-05
8,"StraightBomb",6,8,2.1433164249482033e-05
6,"StraightBomb",6,8,6.563402467839328e-05
11,"PairSteps",5,9,1.1297392561796738e-05
8,"StraightBomb",7,9,7.144388083160677e-06
11,"StraightBomb",7,9,1.1297392561796738e-05
5,"StraightBomb",5,11,4.386734514827163e-05
11,"PairSteps",5,11,2.2594785123593476e-05
13,"StraightBomb",7,13,5.871956124743836e-06
14,"StraightBomb",7,13,2.068017081821096e-06
11,"StraightBomb",7,13,1.1297392561796738e-05
12,"StraightBomb",7,13,7.698051623134185e-06
5,"StraightBomb",5,13,8.773469029654326e-05
14,"StraightBomb",9,10,4.136034163642192e-06
14,"StraightBomb",8,10,4.136034163642192e-06
14,"StraightBomb",8,9,4.136034163642192e-06
12,"StraightBomb",9,10,7.698051623134185e-06
12,"StraightBomb",8,10,7.698051623134185e-06
12,"StraightBomb",8,9,7.698051623134185e-06
12,"StraightBomb",7,8,7.698051623134185e-06
13,"StraightBomb",9,10,5.871956124743836e-06
13,"StraightBomb",8,10,5.871956124743836e-06
13,"StraightBomb",8,9,5.871956124743836e-06
13,"StraightBomb",7,8,5.871956124743836e-06
8,"PairSteps",4,8,1.4288776166321354e-05
7,"StraightBomb",6,8,2.5668009959187865e-05
6,"StraightBomb",6,9,6.563402467839328e-05
12,"Straight",11,11,2.3094154869402553e-05
11,"PairSteps",5,7,1.1297392561796738e-05
12,"Straight",12,12,7.698051623134185e-06
13,"Straight",12,12,5.871956124743836e-06
11,"PairSteps",5,8,1.1297392561796738e-05
6,"StraightBomb",6,14,3.281701233919664e-05
8,"PairSteps",4,6,7.144388083160677e-06
6,"PairSteps",3,5,3.281701233919664e-05
11,"StraightBomb",7,12,1.1297392561796738e-05
